Variable,Full_Matched_N,Exact_Matched_N,Pearson_Full,Pearson_Exact,Spearman_Full,Spearman_Exact,OLS_Coef_Exact,OLS_p_Exact,Robust
In_Situ,3339,2136,0.15272396525446236,0.1452868190315018,0.12997908252550228,0.10748190942059549,0.14899136889118836,1.513515624960538e-11,Yes
Ex_Situ,3339,2136,0.0709345666073077,0.04243035300217172,0.023093586702200606,0.003997071993769372,0.29053770162718706,0.049910103875623994,Yes
Total_Machines,3339,2136,0.1613018404382669,0.15266659317549694,0.1552446602197355,0.13950481222661784,0.05325349486170872,1.3098865704256914e-12,Yes
