Metric,Threshold,Metric_75th,Threshold_75th,Metric_90th,Threshold_90th
Mean,1906.1000462412173,Q75,1910.7665405273438,Q90,1912.8271240234374
