Target,Subset,Spearman,p_val
Predicted_CH4_ppb,All,0.15488827255424517,8.616617847908091e-68
Predicted_CH4_ppb,Matched,0.15524466021973546,1.8458579266246282e-19
CH4_Annual_Average,All,0.14852043581676855,2.024268202294479e-62
CH4_Annual_Average,Matched,0.14481411464341362,4.128918257405363e-17
