,CRM,SMAM,CDP
CRM,1.0,-0.9275238015347509,-0.31408684576041956
SMAM,-0.9275238015347509,1.0,-0.06352645827083195
CDP,-0.31408684576041956,-0.06352645827083195,1.0
