Density_Quintile,Village_Count,Mean_Density,Median_Density,Mean_Predicted_CH4,Median_Predicted_CH4
Q1 (Lowest),668,0.0036850239885241817,0.003708283245916706,1908.9516221463323,1909.3472900390625
Q2,668,0.009468504172079225,0.009433962264150943,1907.5314011259707,1908.2008056640625
Q3,667,0.019432455969206487,0.01904761904761905,1906.9834152747844,1907.6544189453125
Q4,668,0.05782923399040032,0.05,1906.4749403171197,1907.302734375
Q5 (Highest),668,11.375954755193865,0.8097165991902834,1908.7766994087997,1909.825439453125
