Density_Variable,Pearson_r,Pearson_p,Spearman_rho,Spearman_p,Partial_r,Partial_p
Machine_Density_Cultivable,0.0037535849746517845,0.828350956067944,0.0010456431014775616,0.9518379199877032,0.0130385496907123,0.45155097127303007
InSitu_Density,0.006089691048067732,0.7250192305093599,0.027053537831872556,0.11806093634719528,0.01241044213074629,0.47364395416227956
CRM_Density,0.022452637021659554,0.19460273060200517,-0.003769045708327492,0.8276550185910195,0.013695081405577058,0.4290941269667827
