Treatment_Intensity,Village_Count,Mean_Predicted_CH4,Median_Predicted_CH4,Mean_Actual_CH4,Median_Actual_CH4
0 machines,9128,1905.4987493008505,1906.6284790039062,1905.4471708504138,1906.2137048831235
1-5 machines,2074,1907.2131706098007,1908.23291015625,1907.1781943030958,1907.700495418218
6-15 machines,714,1907.959204238336,1908.7125854492188,1907.7981996502508,1908.1402531063459
16-30 machines,380,1908.910400390625,1909.2351684570312,1908.882893659708,1909.136819569562
30+ machines,171,1910.6886143377649,1910.6458740234373,1910.8288045524107,1910.885606053563
